Sample_ID,Category,SMS_Text,Language,Label,text_length,contains_url,extracted_url,url_domain,text_length,word_count,urgency_keyword_count,sensitive_keyword_count,action_keyword_count,exclamation_count,question_count,digit_count,uppercase_count
SD0001,Job Scams,URGENT: Work from home job offer! Earn Rs.15000/week. No experience needed. Register now at http://jobs-apply.example/register Sender: VM-JOBHUB,English,Phishing,144,True,http://jobs-apply.example/register,jobs-apply.example,144,17,2,0,3,1,0,5,20
SD0002,Job Scams,Congratulations! You have been shortlisted for a data entry job. Earn Rs.800/day. Click to confirm: https://quickjobs-india.example/apply Helpline: +91-9823401122,English,Phishing,162,True,https://quickjobs-india.example/apply,quickjobs-india.example,162,18,0,0,3,1,0,15,6
SD0003,Job Scams,Naukri Alert! Aapko ek part-time job ka offer mila hai. Rs.500 per ghante kamayein. Abhi register karein: http://jobportal-demo.example/signup,Hinglish,Phishing,142,True,http://jobportal-demo.example/signup,jobportal-demo.example,142,18,0,0,1,1,0,3,5
SD0004,Job Scams,"Dear Applicant, Your resume was selected. Attend online interview NOW. Confirm slot: https://hirenow-jobs.example/confirm Sender: VM-RECRUIT",English,Phishing,140,True,https://hirenow-jobs.example/confirm,hirenow-jobs.example,140,15,2,0,2,0,0,0,18
SD0005,Job Scams,Work from home! Earn Rs.50000/month by liking YouTube videos. Limited seats. Apply: https://easyjob-earn.example/register Helpline: +91-9912300001,English,Phishing,146,True,https://easyjob-earn.example/register,easyjob-earn.example,146,15,0,0,2,1,0,17,8
SD0006,Job Scams,ALERT: Job offer for you from MNC. Salary: Rs.35000/month. Immediate joining. Register at http://mncjobs.example/apply or call +91-9988776655,English,Phishing,141,True,http://mncjobs.example/apply,mncjobs.example,141,17,0,0,2,0,0,17,13
SD0007,Job Scams,"Pyare Candidate, Aapka interview select ho gaya hai. Joining bonus Rs.5000. Registration fee bharo: http://jobfee-portal.example/pay",Hinglish,Phishing,132,True,http://jobfee-portal.example/pay,jobfee-portal.example,132,15,0,0,1,0,0,4,6
SD0008,Job Scams,Exclusive: Earn Rs.2500 daily from home. Simple typing task. Register before midnight: https://typejob-india.example/register Sender: AD-JOBSMS,English,Phishing,143,True,https://typejob-india.example/register,typejob-india.example,143,15,0,1,2,0,0,4,14
SD0009,Job Scams,You have been offered a Government job. To confirm your seat pay registration of Rs.199 here: http://govtjob-demo.example/fee Support: +91-9823400011,English,Phishing,149,True,http://govtjob-demo.example/fee,govtjob-demo.example,149,19,0,0,2,0,0,15,5
SD0010,Job Scams,Sarkari naukri ka mauka! Abhi apply karein. Form bharne ke liye link par click karein: https://sarkari-jobs.example/apply Helpline: +91-9811002233,Hinglish,Phishing,146,True,https://sarkari-jobs.example/apply,sarkari-jobs.example,146,18,0,0,3,1,0,12,4
SD0011,Job Scams,"Dear Candidate, Final round selected. Submit your documents now to secure your offer: https://fastrecruit.example/upload Sender: VM-JOBALERT",English,Phishing,140,True,https://fastrecruit.example/upload,fastrecruit.example,140,16,1,0,1,0,0,0,15
SD0012,Job Scams,Alert: Amazon is hiring work-from-home agents. Earn Rs.25000/month. Confirm your interest: https://amazon-jobs-demo.example/apply Helpline: +91-9900112233,English,Phishing,154,True,https://amazon-jobs-demo.example/apply,amazon-jobs-demo.example,154,14,0,0,2,0,0,17,6
SD0013,Job Scams,Free job offer! No interview needed. Just pay Rs.99 activation fee: http://jobactivate.example/pay Sender: AD-RECRUIT,English,Phishing,117,True,http://jobactivate.example/pay,jobactivate.example,117,14,0,0,3,1,0,2,14
SD0014,Job Scams,Kal tak apply karein aur Rs.20000 salary pakki karein. Koi experience nahi chahiye. Yahan click karein: https://jobguarantee.example/register,Hinglish,Phishing,141,True,https://jobguarantee.example/register,jobguarantee.example,141,17,0,0,3,0,0,5,4
SD0015,Job Scams,Hi! Your profile matched our requirement. Confirm for a video interview: https://videojob.example/confirm Sender: VM-HRDESK,English,Phishing,123,True,https://videojob.example/confirm,videojob.example,123,14,0,0,2,1,0,0,12
SD0016,Job Scams,Exciting opportunity! Work with leading IT firm. Salary 40K+. Apply now: http://itfirm-jobs.example/apply Support: +91-9988001122,English,Phishing,129,True,http://itfirm-jobs.example/apply,itfirm-jobs.example,129,14,1,0,2,1,0,14,8
SD0017,Job Scams,Congratulations! Aapko online survey job mil gayi. Rs.300 per survey. Abhi join karein: https://surveyjob-india.example/join,Hinglish,Phishing,124,True,https://surveyjob-india.example/join,surveyjob-india.example,124,14,0,0,0,1,0,3,4
SD0018,Job Scams,LAST CHANCE: 5 vacancies left for remote job. Earn Rs.18000/month. Register immediately: https://remotejob-portal.example/signup Sender: AD-JOBHUB,English,Phishing,146,True,https://remotejob-portal.example/signup,remotejob-portal.example,146,15,2,0,1,0,0,6,22
SD0019,Job Scams,"Dear Applicant, Your CV shortlisted for BPO job. No experience required. Confirm now: https://bpo-jobs.example/confirm Helpline: +91-9800123456",English,Phishing,143,True,https://bpo-jobs.example/confirm,bpo-jobs.example,143,16,1,0,2,0,0,12,11
SD0020,Job Scams,"Sirf 10 minute ka kaam, Rs.500 rozana milega. Aaj hi register karein: http://quicktask-jobs.example/register Sender: VM-EARNJOB",Hinglish,Phishing,127,True,http://quicktask-jobs.example/register,quicktask-jobs.example,127,15,0,0,2,0,0,5,13
SD0021,SIM/KYC Scams,URGENT: Your Airtel SIM card will be deactivated in 24 hours due to incomplete KYC. Update now: https://airtel-kyc-demo.example/update Sender: VM-AIRTEL,English,Phishing,152,True,https://airtel-kyc-demo.example/update,airtel-kyc-demo.example,152,20,2,2,3,0,0,2,24
SD0022,SIM/KYC Scams,"Dear Customer, Your Jio SIM KYC is pending. Complete immediately to avoid disconnection: http://jio-kyc.example/verify Helpline: +91-9901234567",English,Phishing,143,True,http://jio-kyc.example/verify,jio-kyc.example,143,16,2,3,1,0,0,12,12
SD0023,SIM/KYC Scams,Aapka BSNL SIM band ho sakta hai. KYC update karein: https://bsnl-kyc-portal.example/update Sender: AD-BSNLALERT,Hinglish,Phishing,112,True,https://bsnl-kyc-portal.example/update,bsnl-kyc-portal.example,112,13,0,2,2,0,0,0,23
SD0024,SIM/KYC Scams,Alert: Vi (Vodafone Idea) SIM will be blocked due to failed KYC. Re-verify at: https://vi-kyc.example/confirm Support: +91-9877001122,English,Phishing,133,True,https://vi-kyc.example/confirm,vi-kyc.example,133,17,1,3,2,0,0,12,12
SD0025,SIM/KYC Scams,NOTICE: Your mobile SIM KYC expired. Submit Aadhaar within 2 hours. Visit: http://sim-kyc-verify.example/submit Sender: VM-TELCOM,English,Phishing,129,True,http://sim-kyc-verify.example/submit,sim-kyc-verify.example,129,15,2,3,1,0,0,1,25
SD0026,SIM/KYC Scams,"Pyare User, Aapka SIM block hone wala hai. KYC verify karne ke liye niche click karein: http://simkyc-demo.example/update",Hinglish,Phishing,121,True,http://simkyc-demo.example/update,simkyc-demo.example,121,17,0,3,3,0,0,0,9
SD0027,SIM/KYC Scams,TRAI notice: Re-submit your KYC documents to retain SIM services. Link: https://trai-kyc-verify.example/docs Helpline: +91-9800555566,English,Phishing,133,True,https://trai-kyc-verify.example/docs,trai-kyc-verify.example,133,14,0,3,1,0,0,12,13
SD0028,SIM/KYC Scams,Your Aadhaar-SIM linking is incomplete. Update now to continue services: https://aadhar-sim-link.example/verify Sender: AD-SIMKYC,English,Phishing,129,True,https://aadhar-sim-link.example/verify,aadhar-sim-link.example,129,13,1,2,2,0,0,0,15
SD0029,SIM/KYC Scams,SIM band hone se rokne ke liye abhi OTP daalein aur verify karein: https://simverify-portal.example/otp Sender: VM-JIOKYC,Hinglish,Phishing,121,True,https://simverify-portal.example/otp,simverify-portal.example,121,16,0,5,2,0,0,0,15
SD0030,SIM/KYC Scams,FINAL WARNING: Airtel SIM will be permanently deactivated within 12 hours unless KYC is updated. Act now: http://airtel-sim-kyc.example/update,English,Phishing,142,True,http://airtel-sim-kyc.example/update,airtel-sim-kyc.example,142,18,2,2,3,0,0,2,20
SD0031,Credit Card/Loan Scams,Congratulations! You are pre-approved for a personal loan of Rs.5 Lakh. No CIBIL check. Apply: https://quickloan-india.example/apply Helpline: +91-9899001122,English,Phishing,157,True,https://quickloan-india.example/apply,quickloan-india.example,157,18,0,0,2,1,0,13,12
SD0032,Credit Card/Loan Scams,"Dear Customer, Your HDFC credit card limit has been upgraded. Activate now: https://hdfc-card-demo.example/activate Sender: VM-HDFCBANK",English,Phishing,135,True,https://hdfc-card-demo.example/activate,hdfc-card-demo.example,135,15,1,1,2,0,0,0,19
SD0033,Credit Card/Loan Scams,Aapko 0% byaj par Rs.2 lakh ka loan mil sakta hai. Abhi apply karein: http://loan-offer-demo.example/apply Helpline: +91-9822334455,Hinglish,Phishing,131,True,http://loan-offer-demo.example/apply,loan-offer-demo.example,131,17,0,0,2,0,0,14,4
SD0034,Credit Card/Loan Scams,ALERT: Your SBI credit card EMI payment failed. Update payment method to avoid late fee: https://sbi-card-demo.example/update Sender: AD-SBICRD,English,Phishing,143,True,https://sbi-card-demo.example/update,sbi-card-demo.example,143,18,0,2,4,0,0,0,22
SD0035,Credit Card/Loan Scams,Instant loan approved! Disburse Rs.1 Lakh in 2 hours. Submit your details: https://instant-loan-portal.example/disburse Support: +91-9988112233,English,Phishing,143,True,https://instant-loan-portal.example/disburse,instant-loan-portal.example,143,15,0,0,0,1,0,14,6
SD0036,Credit Card/Loan Scams,"Dear Valued Customer, Your Axis Bank credit card has been suspended due to unusual activity. Reactivate: http://axiscard-demo.example/reactivate",English,Phishing,144,True,http://axiscard-demo.example/reactivate,axiscard-demo.example,144,17,1,1,2,0,0,0,7
SD0037,Credit Card/Loan Scams,Free credit card with Rs.50000 limit! Apply today: https://freecardoffer.example/apply Helpline: +91-9811223344 Sender: VM-CARDOFFER,English,Phishing,132,True,https://freecardoffer.example/apply,freecardoffer.example,132,13,1,0,2,1,0,17,16
SD0038,Credit Card/Loan Scams,Aapka ICICI credit card block ho gaya. Turant unblock karein: https://icici-card-demo.example/unblock Sender: AD-ICICIBK,Hinglish,Phishing,120,True,https://icici-card-demo.example/unblock,icici-card-demo.example,120,13,0,0,0,0,0,0,17
SD0039,Credit Card/Loan Scams,URGENT: Your credit card reward points worth Rs.3500 will expire tonight. Redeem now: https://reward-redeem.example/redeem Sender: VM-CARDREWARD,English,Phishing,144,True,https://reward-redeem.example/redeem,reward-redeem.example,144,16,3,0,0,0,0,4,22
SD0040,Credit Card/Loan Scams,"Loan offer for you: Rs.10 Lakh in 24 hours, no documents needed. Click: http://nodoc-loan.example/apply Support: +91-9900223344",English,Phishing,127,True,http://nodoc-loan.example/apply,nodoc-loan.example,127,16,0,0,2,0,0,16,5
SD0041,Credit Card/Loan Scams,"Dear User, Rs.2000 cashback pending on your credit card. Claim before it expires: https://cashback-claim.example/claim Sender: AD-BANKCRD",English,Phishing,137,True,https://cashback-claim.example/claim,cashback-claim.example,137,16,1,1,0,0,0,4,14
SD0042,Credit Card/Loan Scams,Aapka loan approved ho gaya. Rs.50000 abhi account mein transfer honge. Details verify karein: http://loanapprove-demo.example/verify,Hinglish,Phishing,133,True,http://loanapprove-demo.example/verify,loanapprove-demo.example,133,15,0,3,2,0,0,5,3
SD0043,Credit Card/Loan Scams,LAST OFFER: Pre-approved home loan at 6.5% interest. Apply before midnight: https://homeloan-fast.example/apply Helpline: +91-9800334455,English,Phishing,136,True,https://homeloan-fast.example/apply,homeloan-fast.example,136,14,0,0,2,0,0,14,12
SD0044,Credit Card/Loan Scams,Your Kotak credit card is temporarily blocked. Unblock immediately: https://kotakcard.example/unblock Sender: VM-KOTAKCARD,English,Phishing,122,True,https://kotakcard.example/unblock,kotakcard.example,122,12,2,0,0,0,0,0,15
SD0045,Credit Card/Loan Scams,Credit score boost guaranteed! Apply for our new card and get Rs.5000 bonus: https://creditscore-offer.example/apply Support: +91-9988223300,English,Phishing,140,True,https://creditscore-offer.example/apply,creditscore-offer.example,140,16,0,0,2,1,0,16,4
SD0046,Credit Card/Loan Scams,Aapko personal loan ke liye qualify kiya gaya hai. Rs.3 Lakh kal tak milenge. Abhi link par click karein: https://personalloan-demo.example/claim,Hinglish,Phishing,145,True,https://personalloan-demo.example/claim,personalloan-demo.example,145,20,0,0,1,0,0,1,4
SD0047,Credit Card/Loan Scams,Alert: Outstanding balance on your HDFC card. Pay now to avoid penalty: https://hdfc-payment.example/pay Sender: AD-HDFCCRD,English,Phishing,123,True,https://hdfc-payment.example/pay,hdfc-payment.example,123,15,1,1,3,0,0,0,17
SD0048,Credit Card/Loan Scams,OFFER: Zero processing fee loan for govt employees. Apply before 31st: https://govtloan-offer.example/apply Helpline: +91-9811009988,English,Phishing,132,True,https://govtloan-offer.example/apply,govtloan-offer.example,132,14,0,0,2,0,0,14,8
SD0049,Credit Card/Loan Scams,Your credit limit has been reduced. To restore it update your KYC: https://creditkyc.example/update Sender: VM-CREDITUPD,English,Phishing,120,True,https://creditkyc.example/update,creditkyc.example,120,15,0,2,2,0,0,0,17
SD0050,Credit Card/Loan Scams,Loan mela! Rs.1 Lakh se Rs.50 Lakh tak ka loan sirf 5 minute mein. Apply karein: http://loanmela-demo.example/apply Helpline: +91-9877223311,Hinglish,Phishing,140,True,http://loanmela-demo.example/apply,loanmela-demo.example,140,19,0,0,2,1,0,16,7
SD0051,Electricity Bill Scams,URGENT: Your electricity connection will be disconnected tonight due to unpaid bill. Pay now: https://ebill-pay-demo.example/pay Sender: VM-EBILL,English,Phishing,145,True,https://ebill-pay-demo.example/pay,ebill-pay-demo.example,145,17,3,0,3,0,0,0,16
SD0052,Electricity Bill Scams,"Dear Consumer, Your BESCOM electricity bill is overdue. Pay Rs.1240 immediately to avoid disconnection: http://bescom-pay.example/pay Helpline: +91-9800111222",English,Phishing,158,True,http://bescom-pay.example/pay,bescom-pay.example,158,17,2,0,3,0,0,16,12
SD0053,Electricity Bill Scams,Aapka bijli bill abhi tak nahi bhara gaya. Aaj raat connection kat jayega. Turant yahan pay karein: https://bijli-bill-demo.example/pay,Hinglish,Phishing,135,True,https://bijli-bill-demo.example/pay,bijli-bill-demo.example,135,18,0,0,2,0,0,0,3
SD0054,Electricity Bill Scams,ALERT: MSEDCL bill payment pending. Your power will be cut in 2 hours. Pay immediately: https://msedcl-pay.example/now Sender: AD-MSEDCL,English,Phishing,136,True,https://msedcl-pay.example/now,msedcl-pay.example,136,18,2,1,3,0,0,1,22
SD0055,Electricity Bill Scams,Notice from TNSEB: Bill payment overdue. Failure to pay within 24 hours will result in disconnection. Pay here: http://tnseb-bill.example/pay Support: +91-9988001234,English,Phishing,165,True,http://tnseb-bill.example/pay,tnseb-bill.example,165,21,2,1,4,0,0,14,10
SD0056,Electricity Bill Scams,"Pyare Grahak, Aapka bijli ka bill Rs.890 pending hai. Aaj shaam se pehle pay karein warna light band ho jayegi: http://bijlibill-portal.example/pay",Hinglish,Phishing,147,True,http://bijlibill-portal.example/pay,bijlibill-portal.example,147,21,0,0,2,0,0,3,5
SD0057,Electricity Bill Scams,FINAL NOTICE: KSEB bill unpaid. Disconnect order issued for your meter. Pay now to avoid disruption: https://kseb-payment.example/pay Sender: VM-KSEB,English,Phishing,149,True,https://kseb-payment.example/pay,kseb-payment.example,149,19,2,1,3,0,0,0,24
SD0058,Electricity Bill Scams,"Dear Customer, Your electricity account shows a balance of Rs.2150 overdue. Pay before 6PM today: https://powerbill-demo.example/pay Helpline: +91-9822001133",English,Phishing,157,True,https://powerbill-demo.example/pay,powerbill-demo.example,157,18,1,1,2,0,0,17,8
SD0059,Electricity Bill Scams,BSES Rajdhani: Aapka outstanding electricity bill Rs.1500 hai. Abhi pay karein: https://bses-bill.example/pay Sender: AD-BSESRJ,Hinglish,Phishing,127,True,https://bses-bill.example/pay,bses-bill.example,127,14,0,0,2,0,0,4,17
SD0060,Electricity Bill Scams,URGENT: Last reminder before disconnection. Settle your electricity dues now: http://elec-due-demo.example/settle Helpline: +91-9900221133 Sender: VM-POWERBILL,English,Phishing,159,True,http://elec-due-demo.example/settle,elec-due-demo.example,159,15,3,0,0,0,0,12,21
SD0061,Electricity Bill Scams,Your CESC electricity bill of Rs.3200 is unpaid. Immediate payment required to avoid service cut: https://cesc-pay-demo.example/pay Sender: AD-CESCALERT,English,Phishing,152,True,https://cesc-pay-demo.example/pay,cesc-pay-demo.example,152,18,0,1,3,0,0,4,19
SD0062,Electricity Bill Scams,Bijli vibhag se soochna: Aapke account mein Rs.760 ka outstanding balance hai. Kal subah tak pay karein: http://bijlivibhag-demo.example/pay,Hinglish,Phishing,140,True,http://bijlivibhag-demo.example/pay,bijlivibhag-demo.example,140,18,0,1,2,0,0,3,4
SD0063,Electricity Bill Scams,NOTICE: DHBVN electricity bill overdue. Your connection may be suspended by 8PM. Pay instantly: https://dhbvn-pay.example/now Sender: VM-DHBVN,English,Phishing,142,True,https://dhbvn-pay.example/now,dhbvn-pay.example,142,17,2,0,2,0,0,1,23
SD0064,Electricity Bill Scams,"Dear Consumer, Electricity board has issued a disconnection notice for meter no. XXXXXX. Pay dues: https://ebillsecure-demo.example/pay Support: +91-9811334455",English,Phishing,159,True,https://ebillsecure-demo.example/pay,ebillsecure-demo.example,159,18,1,0,3,0,0,12,11
SD0065,Electricity Bill Scams,Aapka UPPCL ka bill Rs.1100 se zyada ho gaya hai. Abhi neeche link se pay karein warna connection band hoga: https://uppcl-demo.example/pay Sender: AD-UPPCL,Hinglish,Phishing,156,True,https://uppcl-demo.example/pay,uppcl-demo.example,156,23,0,0,2,0,0,4,16
SD0066,Electricity Bill Scams,WBSEDCL Alert: Outstanding electricity dues detected. Pay within 3 hours to avoid power disconnection: https://wbsedcl-pay.example/pay Helpline: +91-9800445566,English,Phishing,159,True,https://wbsedcl-pay.example/pay,wbsedcl-pay.example,159,17,1,0,3,0,0,13,11
SD0067,Electricity Bill Scams,Your electricity meter reading shows excessive usage. Bill revised to Rs.4500. Pay now: http://metered-bill-demo.example/revised Sender: VM-ELECBOARD,English,Phishing,149,True,http://metered-bill-demo.example/revised,metered-bill-demo.example,149,16,1,0,1,0,0,4,16
SD0068,Electricity Bill Scams,TANGEDCO final notice: Pay electricity bill of Rs.980 within 1 hour to prevent outage: https://tangedco-pay.example/urgent Support: +91-9900556677,English,Phishing,146,True,https://tangedco-pay.example/urgent,tangedco-pay.example,146,17,1,0,2,0,0,16,11
SD0069,Electricity Bill Scams,Bijli bill mafi scheme! Sirf Rs.50 pay karein aur baaki bill maaf ho jayega. Apply karein: http://billmafi-demo.example/apply Sender: AD-SCHEME,Hinglish,Phishing,143,True,http://billmafi-demo.example/apply,billmafi-demo.example,143,19,0,0,3,1,0,2,13
SD0070,Electricity Bill Scams,URGENT: Your prepaid electricity meter balance is critically low. Recharge immediately to prevent power cut: https://prepaid-elec.example/recharge Helpline: +91-9822556677,English,Phishing,171,True,https://prepaid-elec.example/recharge,prepaid-elec.example,171,18,2,0,0,0,0,12,9
SD0071,Lottery/Reward Scams,Congratulations! You have won Rs.25 Lakh in KBC Lucky Draw 2025. Claim your prize now: https://kbc-prize-demo.example/claim Sender: VM-KBCLUCKY,English,Phishing,143,True,https://kbc-prize-demo.example/claim,kbc-prize-demo.example,143,18,1,0,0,1,0,6,21
SD0072,Lottery/Reward Scams,"Dear Winner, Your mobile number was selected in Jio Lucky Draw. Prize: Rs.50000. Claim: http://jiolucky-demo.example/win Helpline: +91-9900112200",English,Phishing,145,True,http://jiolucky-demo.example/win,jiolucky-demo.example,145,17,0,0,0,0,0,17,10
SD0073,Lottery/Reward Scams,Badhai ho! Aapka number Google Lucky Draw mein select hua. Rs.1 Lakh jeete. Abhi claim karein: https://googlelucky-demo.example/claim,Hinglish,Phishing,133,True,https://googlelucky-demo.example/claim,googlelucky-demo.example,133,17,0,0,0,1,0,1,8
SD0074,Lottery/Reward Scams,ALERT: You have won a Samsung Galaxy phone in our prize draw. Collect within 48 hours: https://prize-collect.example/samsung Sender: AD-PRIZEDRAW,English,Phishing,145,True,https://prize-collect.example/samsung,prize-collect.example,145,19,0,0,0,0,0,2,21
SD0075,Lottery/Reward Scams,Your number won Rs.10 Lakh in the National Lottery 2025. Pay Rs.500 processing fee to claim: http://natlottery-demo.example/claim Support: +91-9811000011,English,Phishing,153,True,http://natlottery-demo.example/claim,natlottery-demo.example,153,19,0,0,1,0,0,21,8
SD0076,Lottery/Reward Scams,Aapne Amazon Spin & Win mein Rs.75000 jeete hain! Claim karne ke liye abhi yahan click karein: https://amazon-spinwin.example/claim Sender: VM-AMAZONSPIN,Hinglish,Phishing,153,True,https://amazon-spinwin.example/claim,amazon-spinwin.example,153,20,0,3,1,1,0,5,19
SD0077,Lottery/Reward Scams,WINNER NOTICE: Your SIM number selected in TRAI lucky draw. Prize Rs.15000. Verify to claim: https://trai-lucky.example/verify Helpline: +91-9988334400,English,Phishing,151,True,https://trai-lucky.example/verify,trai-lucky.example,151,18,0,2,2,0,0,17,24
SD0078,Lottery/Reward Scams,Exclusive: You earned 50000 reward points on your shopping. Redeem before expiry tonight: https://rewardpoints-demo.example/redeem Sender: AD-REWARDPAY,English,Phishing,151,True,https://rewardpoints-demo.example/redeem,rewardpoints-demo.example,151,16,0,1,1,0,0,5,15
SD0079,Lottery/Reward Scams,Lucky Customer! Aap Flipkart Diwali Lucky Draw ke winner hain. Rs.2 Lakh ka prize aapka intezaar kar raha hai: http://flipkart-lucky.example/prize,Hinglish,Phishing,146,True,http://flipkart-lucky.example/prize,flipkart-lucky.example,146,20,0,0,0,1,0,1,9
SD0080,Lottery/Reward Scams,Congratulations! You've been selected for a free trip to Dubai. Confirm details within 12 hours: https://dubaitrip-demo.example/confirm Support: +91-9800200300,English,Phishing,159,True,https://dubaitrip-demo.example/confirm,dubaitrip-demo.example,159,18,0,0,2,1,0,14,5
SD0081,Lottery/Reward Scams,"PRIZE ALERT: Rs.5 Lakh lottery amount approved in your name. To receive, pay Rs.999 token fee: https://prizetransfer-demo.example/fee Sender: VM-LOTTERYIND",English,Phishing,155,True,https://prizetransfer-demo.example/fee,prizetransfer-demo.example,155,19,0,0,1,0,0,4,27
SD0082,Lottery/Reward Scams,Aapka WhatsApp number ek international lottery mein winner raha. $5000 claim karne ke liye click karein: http://intl-lottery-demo.example/claim,Hinglish,Phishing,143,True,http://intl-lottery-demo.example/claim,intl-lottery-demo.example,143,17,0,0,1,0,0,4,3
SD0083,Lottery/Reward Scams,BSNL Monsoon Offer: You've won a free smartphone! Redeem by registering here: https://bsnl-prize.example/redeem Helpline: +91-9900002233 Sender: AD-BSNLWIN,English,Phishing,155,True,https://bsnl-prize.example/redeem,bsnl-prize.example,155,17,0,0,1,1,0,12,19
SD0084,Lottery/Reward Scams,Your Paytm account has received a cashback voucher of Rs.5000. Redeem before it expires: https://paytm-voucher.example/redeem Sender: VM-PAYTMRWD,English,Phishing,145,True,https://paytm-voucher.example/redeem,paytm-voucher.example,145,17,1,1,3,0,0,4,15
SD0085,Lottery/Reward Scams,Sirf aaj ke liye! Aapne Rs.1 Lakh ka bonus jeeta. Claim karne ke liye yahan click karein: https://bonus-claim-demo.example/claim Sender: AD-LUCKYWIN,Hinglish,Phishing,148,True,https://bonus-claim-demo.example/claim,bonus-claim-demo.example,148,20,0,0,1,1,0,1,16
SD0086,Lottery/Reward Scams,Congrats! RBI Lottery Board has approved Rs.30 Lakh in your name. Contact agent to process: http://rbilottery-demo.example/process Support: +91-9811556677,English,Phishing,154,True,http://rbilottery-demo.example/process,rbilottery-demo.example,154,18,0,0,0,1,0,14,10
SD0087,Lottery/Reward Scams,You are today's lucky winner of the Airtel Rewards Program! Claim Rs.3000 here: https://airtel-rewards.example/claim Helpline: +91-9822113344 Sender: VM-AIRTELRWD,English,Phishing,162,True,https://airtel-rewards.example/claim,airtel-rewards.example,162,18,1,0,0,1,0,16,19
SD0088,Lottery/Reward Scams,SPECIAL OFFER: Scratch and win! You won Rs.8500. Submit your bank details to receive: http://scratchwingame.example/submit Sender: AD-SCRATCHWIN,English,Phishing,144,True,http://scratchwingame.example/submit,scratchwingame.example,144,17,0,1,0,1,0,4,29
SD0089,Lottery/Reward Scams,Vijeta! Aapko ek iPhone 15 jeeta hai. Delivery ke liye Rs.299 shipping charge pay karein: https://iphone-prize-demo.example/shipping,Hinglish,Phishing,132,True,https://iphone-prize-demo.example/shipping,iphone-prize-demo.example,132,16,0,2,1,1,0,5,5
SD0090,Lottery/Reward Scams,NOTICE: Unclaimed lottery prize of Rs.12 Lakh in your name. Last date to claim today. Visit: https://unclaimedprize-demo.example/claim Helpline: +91-9900445566,English,Phishing,159,True,https://unclaimedprize-demo.example/claim,unclaimedprize-demo.example,159,19,1,0,0,0,0,14,12
SD0091,Social Media Account Scams,ALERT: Your Instagram account has been flagged for violation. Verify within 24 hours or it will be permanently deleted: https://insta-verify-demo.example/verify Sender: VM-INSTASEC,English,Phishing,180,True,https://insta-verify-demo.example/verify,insta-verify-demo.example,180,22,1,4,3,0,0,2,19
SD0092,Social Media Account Scams,"Dear User, Your Facebook account login was attempted from an unknown device. Secure your account now: https://fb-secure-demo.example/lock Helpline: +91-9811220033",English,Phishing,162,True,https://fb-secure-demo.example/lock,fb-secure-demo.example,162,19,2,2,3,0,0,12,6
SD0093,Social Media Account Scams,Aapka WhatsApp account suspend hone wala hai. Abhi verify karein: http://wa-verify-demo.example/confirm Sender: AD-WASUPPORT,Hinglish,Phishing,124,True,http://wa-verify-demo.example/confirm,wa-verify-demo.example,124,13,0,3,3,0,0,0,16
SD0094,Social Media Account Scams,Twitter/X ALERT: Unusual login to your account from a new IP. Confirm it was you: https://x-login-demo.example/confirm Sender: VM-XSUPPORT,English,Phishing,138,True,https://x-login-demo.example/confirm,x-login-demo.example,138,18,0,1,4,0,0,0,22
SD0095,Social Media Account Scams,Your YouTube channel monetisation has been paused. Verify your account to restore: https://yt-monetize-demo.example/restore Support: +91-9900887766,English,Phishing,147,True,https://yt-monetize-demo.example/restore,yt-monetize-demo.example,147,15,0,2,1,0,0,12,5
SD0096,Social Media Account Scams,Aapke Facebook page ko copyright violation ki wajah se band kiya ja raha hai. Appeal karein: https://fb-appeal-demo.example/appeal Sender: AD-FBHELP,Hinglish,Phishing,148,True,https://fb-appeal-demo.example/appeal,fb-appeal-demo.example,148,19,0,0,0,0,0,0,12
SD0097,Social Media Account Scams,URGENT: Your Telegram account will be deactivated due to suspicious activity. Re-verify immediately: http://tg-secure-demo.example/verify Helpline: +91-9988001100,English,Phishing,162,True,http://tg-secure-demo.example/verify,tg-secure-demo.example,162,16,2,3,4,0,0,12,10
SD0098,Social Media Account Scams,LinkedIn Security Alert: Your profile was accessed from an unknown location. Secure your account: https://linkedin-secure.example/secure Sender: VM-LKDNSEC,English,Phishing,155,True,https://linkedin-secure.example/secure,linkedin-secure.example,155,17,1,1,3,0,0,0,16
SD0099,Social Media Account Scams,Aapka Instagram blue tick remove ho sakta hai. Abhi verify karein: https://insta-bluetick.example/verify Sender: AD-INSTASUP,Hinglish,Phishing,124,True,https://insta-bluetick.example/verify,insta-bluetick.example,124,14,0,2,2,0,0,0,14
SD0100,Social Media Account Scams,NOTICE: Your Snapchat account is under review for community guideline violations. Respond within 12 hours: https://snap-review-demo.example/respond Support: +91-9822003344,English,Phishing,171,True,https://snap-review-demo.example/respond,snap-review-demo.example,171,18,0,1,0,0,0,14,10
SD0101,Gambling/Gaming Scams,Congratulations! Aapne Online Rummy mein Rs.25000 jeete hain. Withdraw karne ke liye verify karein: https://rummy-win-demo.example/claim Sender: VM-RUMMYWIN,Hinglish,Phishing,156,True,https://rummy-win-demo.example/claim,rummy-win-demo.example,156,17,0,1,1,1,0,5,17
SD0102,Gambling/Gaming Scams,"JACKPOT ALERT! You won Rs.50,000 on Teen Patti Gold. Claim within 24 hrs: http://teenpatti-bonus.example/withdraw Helpline: +91-9900112233",English,Phishing,138,True,http://teenpatti-bonus.example/withdraw,teenpatti-bonus.example,138,16,0,0,0,1,0,19,19
SD0103,Gambling/Gaming Scams,"Dear Player, your account has Rs.10,000 bonus pending. Verify PAN to withdraw: https://gamingzone-demo.example/verify Sender: AD-GAMEZONE",English,Phishing,137,True,https://gamingzone-demo.example/verify,gamingzone-demo.example,137,15,0,3,2,0,0,5,18
SD0104,Gambling/Gaming Scams,Aapka Ludo King wallet mein Rs.8000 add hua hai. Abhi claim karein warna expire ho jayega: https://ludo-rewards.example/claim,Hinglish,Phishing,125,True,https://ludo-rewards.example/claim,ludo-rewards.example,125,17,1,0,0,0,0,4,5
SD0105,Gambling/Gaming Scams,WIN BIG! Deposit Rs.500 get Rs.5000 free in Poker App. Limited time offer: http://poker-bonus-demo.example/deposit Sender: VM-POKERAPP,English,Phishing,134,True,http://poker-bonus-demo.example/deposit,poker-bonus-demo.example,134,16,0,0,0,1,0,7,23
SD0106,Gambling/Gaming Scams,"Aapne Fantasy Cricket contest mein first prize jeeta hai Rs.1,00,000! KYC complete karein withdraw ke liye: https://fantasy-prize.example/kyc",Hinglish,Phishing,141,True,https://fantasy-prize.example/kyc,fantasy-prize.example,141,17,0,2,0,1,0,6,7
SD0107,Gambling/Gaming Scams,"ALERT: Your betting account shows unclaimed winnings of Rs.32,500. Login now: https://betwin-demo.example/login Helpline: +91-9811223344",English,Phishing,136,True,https://betwin-demo.example/login,betwin-demo.example,136,14,1,1,2,0,0,17,9
SD0108,Gambling/Gaming Scams,Casino Royale Bonus: Free Rs.2000 chips on signup today only. Register: http://casino-royale.example/signup Sender: AD-CASINOOFFER,English,Phishing,130,True,http://casino-royale.example/signup,casino-royale.example,130,14,1,0,1,0,0,4,20
SD0109,Gambling/Gaming Scams,Aapka 91Club account suspend hone wala hai pending withdrawal ki wajah se. Verify karein: https://91club-verify-demo.example/verify,Hinglish,Phishing,131,True,https://91club-verify-demo.example/verify,91club-verify-demo.example,131,15,0,4,3,0,0,4,3
SD0110,Gambling/Gaming Scams,"Congrats! You are selected for VIP gaming rewards worth Rs.75,000. Claim before midnight: https://vipgaming-demo.example/claim Sender: VM-VIPGAME",English,Phishing,145,True,https://vipgaming-demo.example/claim,vipgaming-demo.example,145,16,0,0,0,1,0,5,17
SD0111,Gambling/Gaming Scams,Spin and win promo: Aaj hi spin karein aur jeetein Rs.1 Lakh tak. Free entry: http://luckyspin-demo.example/play Helpline: +91-9822334455,Hinglish,Phishing,137,True,http://luckyspin-demo.example/play,luckyspin-demo.example,137,18,0,3,0,0,0,13,6
SD0112,Gambling/Gaming Scams,"Dream11 ke contest mein aapki winning amount Rs.18,400 hold ho gayi hai. Release ke liye verify karein: https://dream-winning.example/release",Hinglish,Phishing,141,True,https://dream-winning.example/release,dream-winning.example,141,18,0,1,1,0,0,7,3
SD0113,Gambling/Gaming Scams,"FINAL NOTICE: Withdraw your pending game winnings of Rs.22,000 before account closure: https://gamewallet-demo.example/withdraw Sender: AD-GAMEWALLET",English,Phishing,149,True,https://gamewallet-demo.example/withdraw,gamewallet-demo.example,149,15,0,1,0,0,0,5,26
SD0114,Gambling/Gaming Scams,Aapko Andar Bahar app mein lucky bonus mila hai Rs.6500. Activate karein abhi: http://andarbahar-bonus.example/activate,Hinglish,Phishing,119,True,http://andarbahar-bonus.example/activate,andarbahar-bonus.example,119,14,0,0,2,0,0,4,5
SD0115,Gambling/Gaming Scams,Refer and Earn: Apne friends ko invite karo aur paao Rs.500 per referral instantly. Join: https://refergame-demo.example/join Sender: VM-REFERGAME,Hinglish,Phishing,146,True,https://refergame-demo.example/join,refergame-demo.example,146,18,0,0,0,0,0,3,17
SD0116,SIM/KYC Scams,IMPORTANT: Your SIM card KYC verification is incomplete. Update within 24 hours or service will be suspended: https://simkyc-update.example/verify Sender: VM-TELECOM,English,Phishing,165,True,https://simkyc-update.example/verify,simkyc-update.example,165,20,2,4,3,0,0,2,27
SD0117,SIM/KYC Scams,Aapka mobile number 2 ghante mein band ho jayega due to pending Aadhaar KYC. Abhi update karein: http://aadhaar-simkyc.example/update Helpline: +91-9876123450,Hinglish,Phishing,158,True,http://aadhaar-simkyc.example/update,aadhaar-simkyc.example,158,20,0,2,2,0,0,13,7
SD0118,SIM/KYC Scams,"Dear Customer, your e-KYC is pending and SIM will be deactivated tonight. Click to complete: https://ekyc-portal-demo.example/complete Sender: AD-JIOKYC",English,Phishing,152,True,https://ekyc-portal-demo.example/complete,ekyc-portal-demo.example,152,18,0,3,2,0,0,0,18
SD0119,SIM/KYC Scams,NOTICE: TRAI ke naye niyam ke according aapka SIM 24 ghante mein band hoga. Re-verify karein: https://trai-simverify.example/reverify,Hinglish,Phishing,133,True,https://trai-simverify.example/reverify,trai-simverify.example,133,17,0,3,3,0,0,2,14
SD0120,SIM/KYC Scams,Your Airtel number will be permanently blocked due to incomplete KYC. Verify now: http://airtel-kycverify.example/verify Helpline: +91-9900223344,English,Phishing,145,True,http://airtel-kycverify.example/verify,airtel-kycverify.example,145,16,2,5,3,0,0,12,7
SD0121,SIM/KYC Scams,Last warning: Your VI SIM KYC update pending. Complete it now to avoid disconnection: https://vi-kycupdate.example/now Sender: VM-VIKYC,English,Phishing,135,True,https://vi-kycupdate.example/now,vi-kycupdate.example,135,17,3,3,2,0,0,0,19
SD0122,SIM/KYC Scams,Aapka BSNL SIM card document verification ke bina suspend kar diya jayega. Turant link kholen: http://bsnl-docverify.example/link,Hinglish,Phishing,129,True,http://bsnl-docverify.example/link,bsnl-docverify.example,129,16,0,2,1,0,0,0,9
SD0123,SIM/KYC Scams,ALERT: Unusual activity detected on your SIM. Re-KYC required immediately to prevent number porting fraud: https://simfraud-alert.example/rekyc Sender: AD-SIMSECURE,English,Phishing,164,True,https://simfraud-alert.example/rekyc,simfraud-alert.example,164,18,1,2,1,0,0,0,25
SD0124,SIM/KYC Scams,Telecom Dept notice: Aapka number duplicate KYC ki wajah se flag hua hai. Verify karein 12 ghante mein: https://telecom-flagcheck.example/verify,Hinglish,Phishing,144,True,https://telecom-flagcheck.example/verify,telecom-flagcheck.example,144,19,0,3,2,0,0,2,7
SD0125,SIM/KYC Scams,"Dear Subscriber, your SIM will stop working from tomorrow. Complete biometric KYC update here: https://biometric-simkyc.example/update Helpline: +91-9811556677",English,Phishing,159,True,https://biometric-simkyc.example/update,biometric-simkyc.example,159,17,0,2,2,0,0,12,10
SD0126,SIM/KYC Scams,Aapke naam par 9 SIM cards issue hue hain jo fraud mein use ho rahe hain. Block karne ke liye click karein: http://simfraud-block.example/block,Hinglish,Phishing,143,True,http://simfraud-block.example/block,simfraud-block.example,143,23,0,0,1,0,0,1,5
SD0127,SIM/KYC Scams,Final Reminder: Your mobile KYC expires today. Failure to update will result in permanent number loss: https://kycexpiry-demo.example/renew Sender: VM-KYCRENEW,English,Phishing,159,True,https://kycexpiry-demo.example/renew,kycexpiry-demo.example,159,19,2,3,1,0,0,0,18
SD0128,SIM/KYC Scams,Govt notice: Sabhi SIM card holders ko naya KYC form bharna zaroori hai. Form yahan bharein: https://govtsimform.example/fillform,Hinglish,Phishing,129,True,https://govtsimform.example/fillform,govtsimform.example,129,17,0,1,0,0,0,0,9
SD0129,SIM/KYC Scams,Your SIM-based bank OTP service will stop due to KYC mismatch. Resolve immediately: http://otpkyc-mismatch.example/resolve Helpline: +91-9822667788,English,Phishing,147,True,http://otpkyc-mismatch.example/resolve,otpkyc-mismatch.example,147,16,1,5,0,0,0,12,12
SD0130,SIM/KYC Scams,Aapka international roaming SIM verification ke bina cancel ho jayega. Abhi confirm karein: https://roamingsim-verify.example/confirm Sender: AD-ROAMVERIFY,Hinglish,Phishing,155,True,https://roamingsim-verify.example/confirm,roamingsim-verify.example,155,16,0,3,4,0,0,0,18
SD0131,Job Scams,"HIRING NOW: Part-time online typing job, earn Rs.20,000/month from home. Apply today: https://typingjobs-demo.example/apply Sender: VM-TYPEJOB",English,Phishing,142,True,https://typingjobs-demo.example/apply,typingjobs-demo.example,142,15,2,2,2,0,0,5,22
SD0132,Job Scams,Aapko Amazon packing job ke liye select kiya gaya hai. Daily payment Rs.1200. Registration karein: http://amazonpack-job.example/register Helpline: +91-9877001122,Hinglish,Phishing,162,True,http://amazonpack-job.example/register,amazonpack-job.example,162,18,0,1,2,0,0,16,6
SD0133,Job Scams,"Work From Home Alert: Data entry job, no qualification needed, Rs.18000/week guaranteed. Join now: https://wfhjobs-demo.example/join Sender: AD-WFHJOBS",English,Phishing,151,True,https://wfhjobs-demo.example/join,wfhjobs-demo.example,151,17,1,0,0,0,0,5,17
SD0134,Job Scams,"Govt job vacancy: Railway mein 5000+ posts nikli hain, application free hai. Apply karein abhi: https://railwayjobs-demo.example/apply",Hinglish,Phishing,134,True,https://railwayjobs-demo.example/apply,railwayjobs-demo.example,134,16,0,0,2,0,0,4,3
SD0135,Job Scams,"Dear Candidate, your HR interview is scheduled. Pay registration fee Rs.500 to confirm slot: http://hrinterview-confirm.example/pay Helpline: +91-9900334455",English,Phishing,156,True,http://hrinterview-confirm.example/pay,hrinterview-confirm.example,156,17,0,0,4,0,0,15,7
SD0136,Credit Card/Loan Scams,Aapka SBI card upgrade ho gaya hai with Rs.5 Lakh limit. Activate karein abhi: https://sbicard-upgrade.example/activate Sender: VM-SBICARD,Hinglish,Phishing,138,True,https://sbicard-upgrade.example/activate,sbicard-upgrade.example,138,17,0,0,2,0,0,1,17
SD0137,Credit Card/Loan Scams,"Pre-approved instant loan of Rs.2,00,000 available. No documents required. Apply: http://instantloan-demo.example/apply Helpline: +91-9811223300",English,Phishing,144,True,http://instantloan-demo.example/apply,instantloan-demo.example,144,13,0,0,2,0,0,18,5
SD0138,Credit Card/Loan Scams,URGENT: Your ICICI credit card payment failed. Update card details to avoid blocking: https://iciciupdate-demo.example/update Sender: AD-ICICIPAY,English,Phishing,145,True,https://iciciupdate-demo.example/update,iciciupdate-demo.example,145,16,1,1,5,0,0,0,24
SD0139,Credit Card/Loan Scams,"Aapke liye special loan offer: Sirf 2% interest rate, abhi apply karein: https://lowinterest-loan.example/apply",Hinglish,Phishing,111,True,https://lowinterest-loan.example/apply,lowinterest-loan.example,111,13,0,0,2,0,0,1,2
SD0140,Credit Card/Loan Scams,Your loan EMI bounced. Pay immediately to avoid CIBIL score damage: http://emibounce-pay.example/pay Helpline: +91-9822445566,English,Phishing,125,True,http://emibounce-pay.example/pay,emibounce-pay.example,125,14,1,0,3,0,0,12,11
SD0141,Electricity Bill Scams,Final Notice: Aapka power connection 3 ghante mein katega due bill ki wajah se. Pay karein: https://powercut-final.example/pay Sender: VM-POWERPAY,Hinglish,Phishing,146,True,https://powercut-final.example/pay,powercut-final.example,146,19,0,0,3,0,0,1,15
SD0142,Electricity Bill Scams,"Dear Consumer, your electricity board account shows Rs.2150 due. Settle now: http://ebillsettle-demo.example/settle Helpline: +91-9900556677",English,Phishing,140,True,http://ebillsettle-demo.example/settle,ebillsettle-demo.example,140,14,1,1,0,0,0,16,5
SD0143,Electricity Bill Scams,TNEB Alert: Aapka bijli bill autopay fail ho gaya. Manually pay karein abhi: https://tnebpay-demo.example/manualpay Sender: AD-TNEBALERT,Hinglish,Phishing,136,True,https://tnebpay-demo.example/manualpay,tnebpay-demo.example,136,16,0,0,4,0,0,0,19
SD0144,Lottery/Reward Scams,"CONGRATULATIONS! Your mobile number won Rs.10,00,000 in KBC lucky draw. Claim now: https://kbclucky-demo.example/claim Sender: VM-KBCWIN",English,Phishing,136,True,https://kbclucky-demo.example/claim,kbclucky-demo.example,136,15,1,0,0,1,0,7,30
SD0145,Lottery/Reward Scams,Aapko Flipkart anniversary lucky draw mein iPhone jeeta hai. Delivery ke liye details bharein: http://flipkart-luckydraw.example/details,Hinglish,Phishing,136,True,http://flipkart-luckydraw.example/details,flipkart-luckydraw.example,136,15,0,0,0,0,0,0,4
SD0146,Lottery/Reward Scams,"WINNER NOTICE: You have been selected for Rs.5,00,000 cash reward. Verify identity to claim: https://cashreward-demo.example/verify Helpline: +91-9811667788",English,Phishing,156,True,https://cashreward-demo.example/verify,cashreward-demo.example,156,17,0,2,2,0,0,18,16
SD0147,Social Media Account Scams,WhatsApp Security Team: Aapka account 2 din mein deactivate hoga unauthorized login ki wajah se. Verify: https://wa-secureteam.example/verify,Hinglish,Phishing,141,True,https://wa-secureteam.example/verify,wa-secureteam.example,141,17,0,3,5,0,0,1,6
SD0148,Social Media Account Scams,Your Twitter/X account has been reported for violation. Appeal now or lose access permanently: http://x-appeal-demo.example/appeal Sender: AD-XSUPPORT,English,Phishing,150,True,http://x-appeal-demo.example/appeal,x-appeal-demo.example,150,17,1,1,0,0,0,0,15
SD0149,Social Media Account Scams,Aapka YouTube channel copyright strike ki wajah se band hone wala hai. Abhi appeal file karein: https://yt-strikeappeal.example/file Helpline: +91-9822990011,Hinglish,Phishing,157,True,https://yt-strikeappeal.example/file,yt-strikeappeal.example,157,19,0,0,0,0,0,12,5
SD0150,Social Media Account Scams,Pinterest Alert: Suspicious login detected from new device. Secure your account immediately: https://pinterest-secure-demo.example/secure Sender: VM-PINSEC,English,Phishing,155,True,https://pinterest-secure-demo.example/secure,pinterest-secure-demo.example,155,15,1,4,4,0,0,0,13
SD0151,Social Media Account Scams,Aapka Facebook account hack hone se bachane ke liye abhi password reset karein: https://fb-protect-demo.example/reset Sender: VM-FBPROTECT,Hinglish,Phishing,138,True,https://fb-protect-demo.example/reset,fb-protect-demo.example,138,16,0,2,0,0,0,0,14
SD0152,Social Media Account Scams,Instagram Support: Your account is scheduled for permanent deletion due to copyright claim. Appeal here: http://insta-deletealert.example/appeal Helpline: +91-9900112244,English,Phishing,169,True,http://insta-deletealert.example/appeal,insta-deletealert.example,169,18,0,1,0,0,0,12,5
SD0153,Social Media Account Scams,Aapke WhatsApp Business account par naya policy update aaya hai. Accept karein 24 ghante mein: https://wa-bizpolicy.example/accept Sender: AD-WABIZ,Hinglish,Phishing,147,True,https://wa-bizpolicy.example/accept,wa-bizpolicy.example,147,18,0,1,1,0,0,2,13
SD0154,Social Media Account Scams,Your Facebook Page has been flagged for monetization violation. Verify identity to restore: https://fbpage-restore-demo.example/verify Helpline: +91-9822110033,English,Phishing,159,True,https://fbpage-restore-demo.example/verify,fbpage-restore-demo.example,159,16,0,2,2,0,0,12,5
SD0155,Social Media Account Scams,URGENT: Aapka Gmail account suspicious activity ki wajah se lock kiya gaya hai. Unlock karein: http://gmail-unlock-demo.example/unlock,Hinglish,Phishing,134,True,http://gmail-unlock-demo.example/unlock,gmail-unlock-demo.example,134,16,1,1,0,0,0,0,9
SD0156,Social Media Account Scams,Telegram Premium offer expiring! Confirm your subscription to avoid account restriction: https://tg-premium-demo.example/confirm Sender: VM-TGPREMIUM,English,Phishing,149,True,https://tg-premium-demo.example/confirm,tg-premium-demo.example,149,14,0,1,2,1,0,0,15
SD0157,Social Media Account Scams,Aapka LinkedIn profile verification ke bina restrict ho jayega recruiters ke liye. Verify karein: https://linkedin-restrict.example/verify Helpline: +91-9811223399,Hinglish,Phishing,163,True,https://linkedin-restrict.example/verify,linkedin-restrict.example,163,17,0,3,2,0,0,12,5
SD0158,Social Media Account Scams,Snapchat Memories Alert: Your stored memories will be deleted unless you re-confirm storage plan: http://snap-memories-demo.example/confirm Sender: AD-SNAPMEM,English,Phishing,158,True,http://snap-memories-demo.example/confirm,snap-memories-demo.example,158,17,0,0,2,0,0,0,14
SD0159,Social Media Account Scams,Aapka YouTube monetization disable kiya ja raha hai policy violation ki wajah se. Appeal abhi: https://yt-monetize-appeal.example/appeal,Hinglish,Phishing,136,True,https://yt-monetize-appeal.example/appeal,yt-monetize-appeal.example,136,16,0,0,0,0,0,0,4
SD0160,Social Media Account Scams,Your X (Twitter) blue checkmark subscription payment failed. Update billing now: https://x-billing-demo.example/update Helpline: +91-9877665544,English,Phishing,143,True,https://x-billing-demo.example/update,x-billing-demo.example,143,14,1,1,3,0,0,12,5
SD0161,Social Media Account Scams,Aapka Facebook Marketplace account suspicious selling activity ki wajah se block hone wala hai. Verify: http://fbmarket-verify.example/verify Sender: VM-FBMARKET,Hinglish,Phishing,161,True,http://fbmarket-verify.example/verify,fbmarket-verify.example,161,18,0,4,3,0,0,0,15
SD0162,Social Media Account Scams,Discord Security: Unusual login detected from new region. Confirm it was you or your account will be locked: https://discord-secure-demo.example/confirm,English,Phishing,152,True,https://discord-secure-demo.example/confirm,discord-secure-demo.example,152,19,0,1,4,0,0,0,4
SD0163,Gambling/Gaming Scams,"Aapka MPL game account mein Rs.14,500 ka bonus locked hai. Unlock karne ke liye verify karein: https://mpl-bonus-demo.example/unlock Sender: AD-MPLBONUS",Hinglish,Phishing,152,True,https://mpl-bonus-demo.example/unlock,mpl-bonus-demo.example,152,19,0,2,1,0,0,5,17
SD0164,Gambling/Gaming Scams,"BIG WIN ALERT: Your slot machine spin earned Rs.40,000. Withdraw before offer expires: http://slotwin-demo.example/withdraw Helpline: +91-9900778811",English,Phishing,148,True,http://slotwin-demo.example/withdraw,slotwin-demo.example,148,16,1,1,0,0,0,17,15
SD0165,Gambling/Gaming Scams,"Aapko Satta King result ke according Rs.60,000 jeetne ki notification mili hai. Claim form bharein: https://sattaresult-demo.example/claimform",Hinglish,Phishing,142,True,https://sattaresult-demo.example/claimform,sattaresult-demo.example,142,16,0,0,0,0,0,5,5
SD0166,Gambling/Gaming Scams,"Dear Member, your online poker account shows unsettled winnings of Rs.27,800. Settle now: https://pokeraccount-demo.example/settle Sender: VM-POKERSETTLE",English,Phishing,153,True,https://pokeraccount-demo.example/settle,pokeraccount-demo.example,153,16,1,2,0,0,0,5,18
SD0167,Gambling/Gaming Scams,Aapka Rummy Circle wallet verification ke bina freeze ho gaya hai withdrawal ke liye. Verify karein: http://rummycircle-freeze.example/verify,Hinglish,Phishing,141,True,http://rummycircle-freeze.example/verify,rummycircle-freeze.example,141,17,0,3,2,0,0,0,4
SD0168,Gambling/Gaming Scams,Lucky Draw Casino: You've been selected for a free Rs.3000 chip bonus. Claim within 6 hours: https://luckycasino-demo.example/claim Helpline: +91-9811998822,English,Phishing,156,True,https://luckycasino-demo.example/claim,luckycasino-demo.example,156,19,0,1,0,0,0,17,7
SD0169,Gambling/Gaming Scams,Aapke Dream11 referral se Rs.9000 ka bonus aaya hai pending verification. Abhi complete karein: https://dream-referral.example/complete Sender: AD-DREAMREF,Hinglish,Phishing,155,True,https://dream-referral.example/complete,dream-referral.example,155,17,0,1,0,0,0,6,15
SD0170,Gambling/Gaming Scams,"WINNER: Your fantasy football team won the mega contest, prize Rs.85,000 awaiting claim: http://fantasyfootball-prize.example/claim",English,Phishing,131,True,http://fantasyfootball-prize.example/claim,fantasyfootball-prize.example,131,14,0,0,0,0,0,5,8
SD0171,Gambling/Gaming Scams,Aapka online cricket betting account suspend hone wala hai pending KYC ki wajah se. Verify abhi: https://cricbet-kycverify.example/verify Sender: VM-CRICBET,Hinglish,Phishing,156,True,https://cricbet-kycverify.example/verify,cricbet-kycverify.example,156,19,0,6,3,0,0,0,15
SD0172,Gambling/Gaming Scams,Teen Patti Live: Free Rs.1500 joining bonus credited. Login to claim before it expires: https://teenpattilive-demo.example/login Helpline: +91-9822556677,English,Phishing,153,True,https://teenpattilive-demo.example/login,teenpattilive-demo.example,153,17,1,0,2,0,0,16,7
SD0173,Electricity Bill Scams,Aapka solar subsidy bill electricity board mein pending hai. Claim karne ke liye verify karein: https://solarbill-demo.example/verify Sender: AD-SOLARSUBSIDY,Hinglish,Phishing,157,True,https://solarbill-demo.example/verify,solarbill-demo.example,157,18,0,2,2,0,0,0,17
SD0174,Electricity Bill Scams,"Dear Customer, your smart meter installation fee is overdue. Pay Rs.350 to avoid service disruption: http://smartmeter-fee.example/pay Helpline: +91-9900334411",English,Phishing,159,True,http://smartmeter-fee.example/pay,smartmeter-fee.example,159,18,0,0,2,0,0,15,5
SD0175,Electricity Bill Scams,URGENT: PSPCL bill payment bounce hua hai. Turant pay karein avoid disconnection: https://pspcl-bouncepay.example/pay,Hinglish,Phishing,117,True,https://pspcl-bouncepay.example/pay,pspcl-bouncepay.example,117,13,2,1,4,0,0,0,12
SD0176,Electricity Bill Scams,Notice: Your UPPCL account shows excess billing refund of Rs.890. Claim refund here: https://uppcl-refund-demo.example/claim Sender: VM-UPPCLREFUND,English,Phishing,147,True,https://uppcl-refund-demo.example/claim,uppcl-refund-demo.example,147,16,0,5,0,0,0,3,23
SD0177,Electricity Bill Scams,Aapka WBSEDCL connection disconnect hone wala hai aaj raat 10 baje. Abhi bill clear karein: http://wbsedcl-clear.example/clear Helpline: +91-9877223300,Hinglish,Phishing,151,True,http://wbsedcl-clear.example/clear,wbsedcl-clear.example,151,18,1,0,0,0,0,14,10
SD0178,Electricity Bill Scams,"Final Disconnection Notice: Pay your pending dues of Rs.1,780 within 3 hours: https://duespay-final.example/pay Sender: AD-DUESFINAL",English,Phishing,132,True,https://duespay-final.example/pay,duespay-final.example,132,15,1,0,3,0,0,5,17
SD0179,Electricity Bill Scams,Aapke ghar ka electricity meter reading galat upload hui hai. Correction ke liye verify karein: https://meterreading-correct.example/verify,Hinglish,Phishing,139,True,https://meterreading-correct.example/verify,meterreading-correct.example,139,16,0,2,2,0,0,0,2
SD0180,Electricity Bill Scams,Power Grid Maintenance Notice: Avoid disconnection during maintenance by clearing dues now: http://powergrid-maint.example/cleardues Helpline: +91-9811667722,English,Phishing,157,True,http://powergrid-maint.example/cleardues,powergrid-maint.example,157,15,2,0,0,0,0,12,6
SD0181,Lottery/Reward Scams,"CONGRATULATIONS! Aapka number Coca-Cola lucky draw mein select hua hai Rs.8,00,000 prize ke liye. Claim karein: https://cocacola-luckydraw.example/claim Sender: VM-COCALUCKY",Hinglish,Phishing,173,True,https://cocacola-luckydraw.example/claim,cocacola-luckydraw.example,173,19,0,0,0,1,0,6,32
SD0182,Lottery/Reward Scams,You have won a brand new car in the Amazon Prime lucky customer draw! Verify details: http://amazonprime-cardraw.example/verify Helpline: +91-9900556633,English,Phishing,152,True,http://amazonprime-cardraw.example/verify,amazonprime-cardraw.example,152,19,0,2,2,1,0,12,5
SD0183,Lottery/Reward Scams,"Aapko Reliance Jio anniversary offer mein Rs.50,000 cashback mila hai. Abhi claim karein: https://jio-anniversary.example/claim",Hinglish,Phishing,127,True,https://jio-anniversary.example/claim,jio-anniversary.example,127,14,0,0,0,0,0,5,5
SD0184,Lottery/Reward Scams,Notice: Your SIM number has won the international lucky draw worth $5000. Submit details to claim: https://intl-luckydraw-demo.example/submit Sender: AD-INTLDRAW,English,Phishing,161,True,https://intl-luckydraw-demo.example/submit,intl-luckydraw-demo.example,161,19,0,0,0,0,0,4,17
SD0185,Lottery/Reward Scams,"Aapke PAN card par Income Tax department ka refund Rs.45,600 pending hai. Claim karein: http://itrefund-claim-demo.example/claim Helpline: +91-9822667700",Hinglish,Phishing,153,True,http://itrefund-claim-demo.example/claim,itrefund-claim-demo.example,153,17,0,2,0,0,0,17,9
SD0186,Lottery/Reward Scams,"Big Billion Days Winner: You've won a Rs.1,00,000 gift voucher. Confirm shipping address: https://bigbillion-voucher.example/confirm Sender: VM-BIGBILLION",English,Phishing,154,True,https://bigbillion-voucher.example/confirm,bigbillion-voucher.example,154,16,0,1,2,0,0,6,20
SD0187,Lottery/Reward Scams,"Aapka mobile number Vodafone lucky draw mein winner select hua hai Rs.2,50,000 ke liye. Verify karein: https://vodafone-luckywin.example/verify",Hinglish,Phishing,143,True,https://vodafone-luckywin.example/verify,vodafone-luckywin.example,143,17,0,2,2,0,0,6,4
SD0188,Job Scams,"Hiring Alert: Online survey job, fill 10 surveys daily earn Rs.3000. Register now: https://surveyjobs-demo.example/register Sender: AD-SURVEYJOB",English,Phishing,144,True,https://surveyjobs-demo.example/register,surveyjobs-demo.example,144,16,1,0,2,0,0,6,17
SD0189,Job Scams,Aapko ek international company se remote job offer mila hai $1500/month salary ke saath. Apply karein: http://remotejob-intl.example/apply Helpline: +91-9811334422,Hinglish,Phishing,163,True,http://remotejob-intl.example/apply,remotejob-intl.example,163,19,0,0,2,0,0,16,3
SD0190,Job Scams,"Dear Candidate, congratulations on clearing the first round. Pay processing fee Rs.999 to proceed: https://processfee-job.example/pay Sender: VM-JOBPROCESS",English,Phishing,155,True,https://processfee-job.example/pay,processfee-job.example,155,17,0,0,2,0,0,3,17
SD0191,Job Scams,Naukri.com se aapka profile shortlist hua hai HR round ke liye. Confirm slot abhi: https://naukrishortlist-demo.example/confirm,Hinglish,Phishing,127,True,https://naukrishortlist-demo.example/confirm,naukrishortlist-demo.example,127,15,0,0,2,0,0,0,4
SD0192,Job Scams,"Urgent Hiring: Customer support executive needed, work 4hrs/day, earn Rs.25000/month. Apply: http://csexecutive-job.example/apply Helpline: +91-9900778899",English,Phishing,154,True,http://csexecutive-job.example/apply,csexecutive-job.example,154,14,1,0,2,0,0,18,6
SD0193,Credit Card/Loan Scams,"Aapka HDFC personal loan pre-approved hai Rs.4,00,000 tak. Sirf Aadhaar se apply karein: https://hdfcloan-preapproved.example/apply Sender: AD-HDFCLOAN",Hinglish,Phishing,151,True,https://hdfcloan-preapproved.example/apply,hdfcloan-preapproved.example,151,16,0,0,2,0,0,6,19
SD0194,Credit Card/Loan Scams,Your Axis Bank credit card reward points worth Rs.5000 are expiring today. Redeem now: http://axisrewards-demo.example/redeem Helpline: +91-9822334488,English,Phishing,150,True,http://axisrewards-demo.example/redeem,axisrewards-demo.example,150,17,2,1,0,0,0,16,6
SD0195,Credit Card/Loan Scams,Aapke business ke liye instant business loan Rs.10 Lakh tak approved hai bina collateral. Apply: https://bizloan-instant.example/apply,Hinglish,Phishing,134,True,https://bizloan-instant.example/apply,bizloan-instant.example,134,16,0,0,2,0,0,2,4
SD0196,Credit Card/Loan Scams,NOTICE: Your Kotak credit card has been flagged for unusual transaction. Verify to unblock: https://kotakflag-demo.example/verify Sender: VM-KOTAKFLAG,English,Phishing,150,True,https://kotakflag-demo.example/verify,kotakflag-demo.example,150,17,0,2,2,0,0,0,21
SD0197,Credit Card/Loan Scams,Aapka student education loan application approve ho gaya hai Rs.8 Lakh ke liye. Confirm karein: http://eduloan-approved.example/confirm Helpline: +91-9877001199,Hinglish,Phishing,160,True,http://eduloan-approved.example/confirm,eduloan-approved.example,160,18,0,0,2,0,0,13,5
SD0198,SIM/KYC Scams,Aapka Jio number ka KYC document mismatch hua hai. 24 ghante mein verify karein varna number band hoga: https://jiokyc-mismatch.example/verify Sender: AD-JIOMISMATCH,Hinglish,Phishing,165,True,https://jiokyc-mismatch.example/verify,jiokyc-mismatch.example,165,21,0,4,2,0,0,2,19
SD0199,SIM/KYC Scams,Department of Telecom Notice: Your SIM is linked to a fraud case. Verify innocence within 12 hours: http://dot-fraudnotice.example/verify Helpline: +91-9900112255,English,Phishing,162,True,http://dot-fraudnotice.example/verify,dot-fraudnotice.example,162,20,0,2,2,0,0,14,9
SD0200,SIM/KYC Scams,Aapke 5G SIM upgrade ke liye KYC verification zaroori hai. Abhi complete karein: https://5gsim-kycupgrade.example/complete Sender: VM-5GUPGRADE,Hinglish,Phishing,143,True,https://5gsim-kycupgrade.example/complete,5gsim-kycupgrade.example,143,16,0,3,0,0,0,3,20
SD0201,Gambling/Gaming Scams,"Aapka Junglee Rummy account mein Rs.12,000 ka deposit bonus pending hai. Activate karein abhi: https://jungleerummy-bonus.example/activate Sender: VM-JUNGLEE",Hinglish,Phishing,157,True,https://jungleerummy-bonus.example/activate,jungleerummy-bonus.example,157,17,0,1,2,0,0,5,15
SD0202,Gambling/Gaming Scams,"Mega Jackpot Alert: Your lucky number matched in the online casino draw, win Rs.95,000. Claim: http://megajackpot-demo.example/claim Helpline: +91-9811334477",English,Phishing,157,True,http://megajackpot-demo.example/claim,megajackpot-demo.example,157,18,0,0,0,0,0,17,7
SD0203,Gambling/Gaming Scams,Aapko WinZO game mein referral bonus Rs.7500 mila hai. KYC verify karein withdraw ke liye: https://winzo-referral.example/kyc Sender: AD-WINZOBONUS,Hinglish,Phishing,147,True,https://winzo-referral.example/kyc,winzo-referral.example,147,18,0,3,1,0,0,4,21
SD0204,Gambling/Gaming Scams,"Your betting wallet has Rs.18,200 ready to withdraw. Complete bank verification now: https://betwallet-verify-demo.example/verify Helpline: +91-9900667744",English,Phishing,154,True,https://betwallet-verify-demo.example/verify,betwallet-verify-demo.example,154,15,1,4,2,0,0,17,4
SD0205,Gambling/Gaming Scams,Aapka PUBG Mobile lucky spin se UC coins aur cash prize Rs.5000 jeeta hai. Claim karein: http://pubg-luckyspin.example/claim,Hinglish,Phishing,124,True,http://pubg-luckyspin.example/claim,pubg-luckyspin.example,124,17,0,2,0,0,0,4,10
SD0206,Gambling/Gaming Scams,"FINAL CALL: Your online lottery game ticket won Rs.60,000. Submit bank details before expiry: https://lotterygame-demo.example/submit Sender: VM-LOTTOGAME",English,Phishing,154,True,https://lotterygame-demo.example/submit,lotterygame-demo.example,154,17,0,1,0,0,0,5,24
SD0207,Gambling/Gaming Scams,Aapke Khelo24 account mein signup bonus Rs.2000 add hua hai. Abhi claim karein: https://khelo24-signup.example/claim Helpline: +91-9822115566,Hinglish,Phishing,141,True,https://khelo24-signup.example/claim,khelo24-signup.example,141,16,0,1,0,0,0,20,5
SD0208,Social Media Account Scams,Aapka Facebook Dating profile inappropriate content ki wajah se review mein hai. Appeal karein: https://fbdating-review.example/appeal Sender: AD-FBDATING,Hinglish,Phishing,154,True,https://fbdating-review.example/appeal,fbdating-review.example,154,17,0,0,0,0,0,0,15
SD0209,Social Media Account Scams,Your Instagram Reels monetization is paused due to policy review. Confirm eligibility: http://reels-monetize-demo.example/confirm Helpline: +91-9877223366,English,Phishing,154,True,http://reels-monetize-demo.example/confirm,reels-monetize-demo.example,154,15,0,0,2,0,0,12,5
SD0210,Social Media Account Scams,Aapka Threads account verification badge expire hone wala hai. Renew karein abhi: https://threads-badgerenew.example/renew Sender: VM-THREADSBADGE,Hinglish,Phishing,146,True,https://threads-badgerenew.example/renew,threads-badgerenew.example,146,15,1,2,0,0,0,0,18
SD0211,Social Media Account Scams,WhatsApp Web Alert: A new device tried to scan your QR code. Confirm or your chats will be exposed: https://wa-qrcode-demo.example/confirm,English,Phishing,138,True,https://wa-qrcode-demo.example/confirm,wa-qrcode-demo.example,138,20,0,0,2,0,0,0,8
SD0212,Social Media Account Scams,Aapka Telegram channel subscribers fraud activity ki wajah se freeze ho gaya hai. Verify: http://tg-channelfreeze.example/verify Helpline: +91-9900334422,Hinglish,Phishing,153,True,http://tg-channelfreeze.example/verify,tg-channelfreeze.example,153,17,0,2,2,0,0,12,4
SD0213,Social Media Account Scams,Your Facebook Ads account has an unpaid balance of Rs.3400. Settle now to avoid suspension: https://fbads-balance-demo.example/settle Sender: AD-FBADSPAY,English,Phishing,153,True,https://fbads-balance-demo.example/settle,fbads-balance-demo.example,153,18,1,1,1,0,0,4,16
SD0214,Electricity Bill Scams,Aapka APSPDCL bill payment gateway error ki wajah se fail hua. Dobara try karein: https://apspdcl-retry-demo.example/retry Sender: VM-APSPDCL,Hinglish,Phishing,141,True,https://apspdcl-retry-demo.example/retry,apspdcl-retry-demo.example,141,17,0,1,1,0,0,0,19
SD0215,Electricity Bill Scams,Notice: Your electricity bill auto-debit failed due to insufficient balance. Pay manually: http://autodebit-fail.example/pay Helpline: +91-9811556688,English,Phishing,149,True,http://autodebit-fail.example/pay,autodebit-fail.example,149,15,0,0,2,0,0,12,4
SD0216,Electricity Bill Scams,Aapke ghar ka naya digital meter install hone wala hai. Booking fee Rs.299 pay karein: https://digitalmeter-booking.example/pay,Hinglish,Phishing,127,True,https://digitalmeter-booking.example/pay,digitalmeter-booking.example,127,16,0,0,2,0,0,3,3
SD0217,Electricity Bill Scams,CESC Important Notice: Your account shows a billing discrepancy of Rs.670. Resolve within 24 hrs: https://cescdiscrepancy.example/resolve Sender: AD-CESCNOTICE,English,Phishing,159,True,https://cescdiscrepancy.example/resolve,cescdiscrepancy.example,159,18,0,1,0,0,0,5,22
SD0218,Lottery/Reward Scams,"Aapka number Paytm First Games lucky winner list mein hai Rs.30,000 ke liye. Claim karein: https://paytmfirst-lucky.example/claim Sender: VM-PAYTMLUCKY",Hinglish,Phishing,151,True,https://paytmfirst-lucky.example/claim,paytmfirst-lucky.example,151,18,0,0,3,0,0,5,19
SD0219,Lottery/Reward Scams,"Mega Millions India Edition: Your ticket number matches the winning combination! Claim Rs.2,00,000: http://megamillions-india.example/claim Helpline: +91-9822990022",English,Phishing,164,True,http://megamillions-india.example/claim,megamillions-india.example,164,16,0,0,0,1,0,18,8
SD0220,Lottery/Reward Scams,Aapko Diwali bonanza lucky draw mein gold coins jeetne ka mauka mila hai. Register karein: https://diwalibonanza-demo.example/register,Hinglish,Phishing,134,True,https://diwalibonanza-demo.example/register,diwalibonanza-demo.example,134,16,0,0,2,0,0,0,3
SD0221,Lottery/Reward Scams,"Notice: Your old currency notes qualify for RBI exchange reward of Rs.25,000. Apply here: https://rbiexchange-demo.example/apply Sender: AD-RBIREWARD",English,Phishing,149,True,https://rbiexchange-demo.example/apply,rbiexchange-demo.example,149,17,0,0,2,0,0,5,19
SD0222,Job Scams,"Aapko ek MNC company se WFH job offer mila hai Rs.30,000 fixed salary ke saath. Apply abhi: https://mncwfh-job.example/apply Sender: VM-MNCJOB",Hinglish,Phishing,142,True,https://mncwfh-job.example/apply,mncwfh-job.example,142,20,0,0,2,0,0,5,18
SD0223,Job Scams,"Urgent Vacancy: Content writer needed, work 2hrs/day, earn Rs.15000/week. No experience required: http://contentwriter-job.example/apply Helpline: +91-9900112266",English,Phishing,161,True,http://contentwriter-job.example/apply,contentwriter-job.example,161,15,1,0,1,0,0,18,6
SD0224,Job Scams,Aapka resume Infosys recruitment drive ke liye shortlist hua hai. Confirm interview slot: https://infosysdrive-demo.example/confirm,Hinglish,Phishing,131,True,https://infosysdrive-demo.example/confirm,infosysdrive-demo.example,131,14,0,0,2,0,0,0,3
SD0225,Job Scams,"Dear Applicant, your virtual assistant job application is approved. Pay onboarding fee Rs.799: https://vajob-onboard.example/pay Sender: AD-VAJOBPAY",English,Phishing,148,True,https://vajob-onboard.example/pay,vajob-onboard.example,148,16,0,0,3,0,0,3,15
SD0226,Credit Card/Loan Scams,"Aapka Bajaj Finserv loan eligibility check complete hui hai, Rs.6 Lakh approved. Confirm: https://bajajloan-approved.example/confirm Sender: VM-BAJAJLOAN",Hinglish,Phishing,153,True,https://bajajloan-approved.example/confirm,bajajloan-approved.example,153,16,0,0,2,0,0,1,18
SD0227,Credit Card/Loan Scams,Your IDFC First credit card cashback of Rs.2200 is ready. Redeem before it expires: http://idfccashback-demo.example/redeem Helpline: +91-9811667733,English,Phishing,148,True,http://idfccashback-demo.example/redeem,idfccashback-demo.example,148,17,1,0,0,0,0,16,9
SD0228,Credit Card/Loan Scams,Aapke gold loan ki application process complete hone wali hai. Final verification karein: https://goldloan-finalverify.example/verify,Hinglish,Phishing,133,True,https://goldloan-finalverify.example/verify,goldloan-finalverify.example,133,14,0,3,2,0,0,0,2
SD0229,Credit Card/Loan Scams,NOTICE: Suspicious transaction blocked on your Yes Bank card. Confirm your identity to unblock: https://yesbankblock-demo.example/confirm Sender: AD-YESBANKSEC,English,Phishing,159,True,https://yesbankblock-demo.example/confirm,yesbankblock-demo.example,159,17,1,3,2,0,0,0,23
SD0230,SIM/KYC Scams,Aapka eSIM activation ke liye KYC verification pending hai. 6 ghante mein complete karein: https://esim-kycpending.example/complete Sender: VM-ESIMKYC,Hinglish,Phishing,150,True,https://esim-kycpending.example/complete,esim-kycpending.example,150,17,0,4,0,0,0,1,17
SD0231,SIM/KYC Scams,Important: Your SIM card registered under your ID shows mismatch in records. Verify now: http://simrecord-mismatch.example/verify Helpline: +91-9822667711,English,Phishing,154,True,http://simrecord-mismatch.example/verify,simrecord-mismatch.example,154,17,1,2,3,0,0,12,9
SD0232,SIM/KYC Scams,Aapka corporate SIM connection company KYC ke bina suspend ho jayega. Turant verify karein: https://corpsimkyc-demo.example/verify,Hinglish,Phishing,130,True,https://corpsimkyc-demo.example/verify,corpsimkyc-demo.example,130,15,0,4,2,0,0,0,8
SD0233,SIM/KYC Scams,TRAI Final Notice: Multiple SIMs found under your Aadhaar. Deactivate unwanted ones here: https://traimultisim-demo.example/deactivate Sender: AD-TRAISIMCHECK,English,Phishing,158,True,https://traimultisim-demo.example/deactivate,traimultisim-demo.example,158,16,0,0,2,0,0,0,27
SD0234,Gambling/Gaming Scams,"Aapke Call Break game mein tournament jeetne par Rs.16,500 ka prize aaya hai. Claim form bharein: https://callbreak-tourney.example/claimform",Hinglish,Phishing,141,True,https://callbreak-tourney.example/claimform,callbreak-tourney.example,141,17,0,0,0,0,0,5,5
SD0235,Gambling/Gaming Scams,Your spin wheel reward of Rs.7800 is about to expire. Login and withdraw now: http://spinwheel-expiry.example/withdraw Sender: VM-SPINWHEEL,English,Phishing,139,True,http://spinwheel-expiry.example/withdraw,spinwheel-expiry.example,139,17,2,3,1,0,0,4,15
SD0236,Social Media Account Scams,Aapka Snapchat Snap Map location sharing settings ke wajah se compromise hua hai. Secure karein: https://snapmap-secure-demo.example/secure,Hinglish,Phishing,139,True,https://snapmap-secure-demo.example/secure,snapmap-secure-demo.example,139,16,0,0,3,0,0,0,5
SD0237,Social Media Account Scams,"Your Facebook account recovery request was received. If this wasn't you, secure it now: http://fbrecovery-alert.example/secure Helpline: +91-9900778833",English,Phishing,151,True,http://fbrecovery-alert.example/secure,fbrecovery-alert.example,151,17,1,1,2,0,0,12,4
SD0238,Electricity Bill Scams,"Aapka NBPDCL bill late fee ke saath pending hai Rs.1,150. Abhi clear karein: https://nbpdcl-latefee.example/clear Sender: AD-NBPDCLFEE",Hinglish,Phishing,134,True,https://nbpdcl-latefee.example/clear,nbpdcl-latefee.example,134,16,0,0,0,0,0,4,21
SD0239,Electricity Bill Scams,"Dear Consumer, your electricity refund of Rs.540 for excess payment is ready. Claim now: http://elecrefund-demo.example/claim Helpline: +91-9811223377",English,Phishing,150,True,http://elecrefund-demo.example/claim,elecrefund-demo.example,150,17,1,3,1,0,0,15,5
SD0240,Lottery/Reward Scams,Aapka number Big Bazaar mega lucky draw mein select hua hai gift hamper ke liye. Confirm address: https://bigbazaar-luckydraw.example/confirm,Hinglish,Phishing,141,True,https://bigbazaar-luckydraw.example/confirm,bigbazaar-luckydraw.example,141,18,0,0,2,0,0,0,4
SD0241,Lottery/Reward Scams,"Festive Reward Alert: You've won a free smartphone worth Rs.20,000. Pay shipping fee Rs.99 to claim: http://festivereward-demo.example/claim Sender: VM-FESTIVEWIN",English,Phishing,162,True,http://festivereward-demo.example/claim,festivereward-demo.example,162,19,0,1,1,0,0,7,20
SD0242,Job Scams,"Aapko ek freelance translation job ka offer mila hai Rs.10,000/project. Apply abhi: https://translatejob-demo.example/apply Sender: AD-TRANSLATEJOB",Hinglish,Phishing,147,True,https://translatejob-demo.example/apply,translatejob-demo.example,147,15,0,0,2,0,0,5,18
SD0243,Job Scams,"Dear Candidate, your online tutoring job application requires a verification deposit of Rs.600: http://tutorjob-deposit.example/pay Helpline: +91-9822334411",English,Phishing,156,True,http://tutorjob-deposit.example/pay,tutorjob-deposit.example,156,16,0,1,1,0,0,15,4
SD0244,Credit Card/Loan Scams,Aapka two-wheeler loan pre-approved hai bina down payment ke. Apply karein abhi: https://twowheelerloan-demo.example/apply,Hinglish,Phishing,122,True,https://twowheelerloan-demo.example/apply,twowheelerloan-demo.example,122,13,0,1,3,0,0,0,2
SD0245,Credit Card/Loan Scams,Your American Express card annual fee waiver is pending confirmation. Confirm now: https://amexwaiver-demo.example/confirm Sender: VM-AMEXWAIVER,English,Phishing,144,True,https://amexwaiver-demo.example/confirm,amexwaiver-demo.example,144,15,1,0,3,0,0,0,17
SD0246,SIM/KYC Scams,Aapka postpaid SIM plan KYC update ke bina downgrade ho jayega. Abhi verify karein: https://postpaidkyc-demo.example/verify Sender: AD-POSTPAIDKYC,Hinglish,Phishing,146,True,https://postpaidkyc-demo.example/verify,postpaidkyc-demo.example,146,17,0,5,3,0,0,0,22
SD0247,SIM/KYC Scams,Important: Your number porting request requires immediate KYC confirmation: http://portingkyc-demo.example/confirm Helpline: +91-9900556622,English,Phishing,139,True,http://portingkyc-demo.example/confirm,portingkyc-demo.example,139,12,0,2,2,0,0,12,6
SD0248,Gambling/Gaming Scams,"Aapka Ludo Supreme tournament prize Rs.21,000 withdrawal ke liye verification pending hai: https://ludosupreme-verify.example/verify Sender: VM-LUDOSUPREME",Hinglish,Phishing,155,True,https://ludosupreme-verify.example/verify,ludosupreme-verify.example,155,15,0,3,2,0,0,5,18
SD0249,Social Media Account Scams,Your Pinterest business account ad spend limit needs verification to continue running ads: http://pinterestads-verify.example/verify Helpline: +91-9811998844,English,Phishing,157,True,http://pinterestads-verify.example/verify,pinterestads-verify.example,157,16,0,6,2,0,0,12,3
SD0250,Electricity Bill Scams,"Aapka MSEB final disconnection notice hai unpaid bill Rs.1,890 ke liye. Turant pay karein: https://msebfinal-demo.example/pay Sender: AD-MSEBFINAL",Hinglish,Phishing,146,True,https://msebfinal-demo.example/pay,msebfinal-demo.example,146,17,1,0,2,0,0,4,19
